DB_ID,Name,SMILES,Activity,Target,Selectivity,Pharmacokinetics,MolWt,LogP,TPSA,NumRotatableBonds,NumHDonors,NumHAcceptors
DB00335,Enalapril,CC(CC(=O)N1CCCC1C(=O)N2CCCC2)C(C(=O)O)N,0,0,0,1,-0.6848017029651334,-1.3258914486649302,1.1659358174773213,0.2182178902359924,0.9438798074485389,0.7745966692414834
DB00501,Amlodipine,CC1=CC=C(C=C1)C2=NC3=C(N2CC4CCC(C4)C(=O)N)C(=CC=C3)OC,0,4,0,1,0.39802737755439876,0.17039750222458055,0.20124977651814732,0.2182178902359924,-0.13483997249264842,0.7745966692414834
DB00275,Losartan,CC(CC1=CC=CC=C1)C(C2=NC=CC=N2)C3=CC=CC=C3C4=NC=CC=N4,0,2,0,1,0.4605490666252764,0.5642615651311622,-0.32904213593810866,0.6546536707079772,-1.2135597524338357,0.7745966692414834
DB00381,Hydrochlorothiazide,CC1=CC(=O)NC2=C1C=CC(=C2)S(=O)(=O)N,0,5,2,0,-2.2049915183053854,-1.1540656604672033,0.8542680196289727,-1.5275252316519468,0.9438798074485389,0.08606629658238704
DB00481,Lisinopril,CC(CC(=O)N1CCCC1C(=O)N2CCCC2)C(C(=O)O)NCC3=CC=CC=C3,0,0,0,1,1.1890816450604196,-0.6204742010776931,0.7666471277430361,1.5275252316519468,0.9438798074485389,0.7745966692414834
DB00255,Furosemide,CC1=CC(=O)NC2=C1C=CC(=C2)S(=O)(=O)NCC3=CC=CC=C3,1,6,1,2,-0.3311081702798329,-0.4486484128799651,0.4549793298946875,-0.2182178902359924,0.9438798074485389,0.08606629658238704
DB00199,Spironolactone,CC12CCC3C(CC1CC(C2)C4=CC=CC=C4C5=C3CCC5=O)C6=CC=CC=C6,0,1,2,0,0.7948644103468072,1.3178726293713219,-1.3134214718162718,-1.5275252316519468,-1.2135597524338357,-1.2909944487358056
DB00453,Metoprolol,CC(CC1=CC=CC=C1)C(C2=CC=CC=C2)C3=CC=CC=C3C4=CC=CC=C4,1,3,1,2,0.37837889196345137,1.4965480263627264,-1.8006164635077837,0.6546536707079772,-1.2135597524338357,-1.979524821394902
